{
 "ps1": {
  "SSIM": 0.7877584099769592,
  "PSNR": 25.612529754638672,
  "LPIPS": 0.17878560721874237,
  "HVS": 2.0023326214868575e-05
 }
}