{
 "ps1": {
  "Per SSIM": {
   "00000.png": 0.6404339671134949,
   "00001.png": 0.5777533054351807,
   "00002.png": 0.5906293392181396,
   "00003.png": 0.7245397567749023,
   "00004.png": 0.7349770665168762,
   "00005.png": 0.7544317841529846,
   "00006.png": 0.8118217587471008,
   "00007.png": 0.8087234497070312,
   "00008.png": 0.7470649480819702,
   "00009.png": 0.8153873085975647,
   "00010.png": 0.7840498089790344,
   "00011.png": 0.7770532965660095,
   "00012.png": 0.8304752111434937,
   "00013.png": 0.8564350605010986,
   "00014.png": 0.8449667096138,
   "00015.png": 0.8379418253898621,
   "00016.png": 0.809378981590271,
   "00017.png": 0.8451719284057617,
   "00018.png": 0.88224196434021,
   "00019.png": 0.8806871175765991,
   "00020.png": 0.8393790125846863,
   "00021.png": 0.8297677040100098,
   "00022.png": 0.8731459379196167,
   "00023.png": 0.7439588904380798,
   "00024.png": 0.8535428643226624
  },
  "Per PSNR": {
   "00000.png": 21.46848487854004,
   "00001.png": 19.873233795166016,
   "00002.png": 19.952896118164062,
   "00003.png": 21.717933654785156,
   "00004.png": 22.313556671142578,
   "00005.png": 23.83220672607422,
   "00006.png": 26.30539321899414,
   "00007.png": 26.225189208984375,
   "00008.png": 25.037254333496094,
   "00009.png": 25.91408920288086,
   "00010.png": 25.155704498291016,
   "00011.png": 24.097152709960938,
   "00012.png": 26.885372161865234,
   "00013.png": 27.927242279052734,
   "00014.png": 27.820297241210938,
   "00015.png": 27.668132781982422,
   "00016.png": 26.10527992248535,
   "00017.png": 27.301748275756836,
   "00018.png": 29.528690338134766,
   "00019.png": 28.5428524017334,
   "00020.png": 27.632488250732422,
   "00021.png": 27.85095977783203,
   "00022.png": 29.08629608154297,
   "00023.png": 24.7360782623291,
   "00024.png": 27.334686279296875
  },
  "Per LPIPS": {
   "00000.png": 0.24644213914871216,
   "00001.png": 0.2640015482902527,
   "00002.png": 0.28455010056495667,
   "00003.png": 0.20585907995700836,
   "00004.png": 0.21598488092422485,
   "00005.png": 0.19772110879421234,
   "00006.png": 0.15673603117465973,
   "00007.png": 0.15349137783050537,
   "00008.png": 0.20352309942245483,
   "00009.png": 0.15395748615264893,
   "00010.png": 0.17745013535022736,
   "00011.png": 0.18845413625240326,
   "00012.png": 0.1469983160495758,
   "00013.png": 0.12466835230588913,
   "00014.png": 0.1596021056175232,
   "00015.png": 0.15270569920539856,
   "00016.png": 0.17153307795524597,
   "00017.png": 0.1267412304878235,
   "00018.png": 0.1377849578857422,
   "00019.png": 0.14957788586616516,
   "00020.png": 0.16181454062461853,
   "00021.png": 0.17646148800849915,
   "00022.png": 0.15141859650611877,
   "00023.png": 0.21775129437446594,
   "00024.png": 0.14441156387329102
  },
  "Per HVS": {
   "00000.png": 4.552058453555219e-05,
   "00001.png": 6.059746738173999e-05,
   "00002.png": 6.259963265620172e-05,
   "00003.png": 4.284726674086414e-05,
   "00004.png": 3.6703077057609335e-05,
   "00005.png": 2.3224603864946403e-05,
   "00006.png": 1.2296693967073224e-05,
   "00007.png": 1.181839525088435e-05,
   "00008.png": 1.7302319974987768e-05,
   "00009.png": 1.3920867786509916e-05,
   "00010.png": 1.8111028111889027e-05,
   "00011.png": 2.2659412934444845e-05,
   "00012.png": 1.0899666449404322e-05,
   "00013.png": 7.979992005857639e-06,
   "00014.png": 8.971127499535214e-06,
   "00015.png": 1.0166927495447453e-05,
   "00016.png": 1.4405134606931824e-05,
   "00017.png": 9.599480108590797e-06,
   "00018.png": 5.951367256784579e-06,
   "00019.png": 8.286865522677545e-06,
   "00020.png": 9.993357707571704e-06,
   "00021.png": 9.343336387246381e-06,
   "00022.png": 6.71856514600222e-06,
   "00023.png": 2.077201133943163e-05,
   "00024.png": 9.893957212625537e-06
  }
 }
}